mean_brightness,contrast,dark_pixel_ratio,bright_pixel_ratio,min_intensity,max_intensity,intensity_range,edge_count,edge_density,label
122.22161989795919,31.51073548218895,0.0038066007653061226,0.010941485969387755,23,247,224,18521,0.36912069515306123,1
131.9481425382653,24.094438230861606,0.0027901785714285715,0.0037468112244897957,8,251,243,18071,0.36015226403061223,1
121.2969746492347,29.884574058807235,0.013333067602040817,0.008151307397959183,2,241,239,17399,0.3467594068877551,1
130.2443399234694,25.64758928141644,0.0018734056122448979,0.004025829081632653,20,253,233,18706,0.3728077168367347,1
131.20519770408163,26.238162146591193,0.00235172193877551,0.00625797193877551,11,253,242,18329,0.3652941645408163,1
136.15421715561226,27.091978523097122,0.0069355867346938774,0.00882892219387755,2,252,250,17739,0.35353555484693877,1
129.6598573022959,22.96401137455649,0.0012555803571428572,0.006018813775510204,8,251,243,17991,0.3585578762755102,1
123.45105229591837,22.77398717566529,0.00253109056122449,0.004743303571428571,12,252,240,18072,0.360172193877551,1
125.2520527742347,21.031934314573185,0.0013552295918367347,0.0037667410714285715,8,251,243,16812,0.33506058673469385,1
129.09181680484693,29.656326275136607,0.008091517857142858,0.005699936224489796,10,250,240,18324,0.36519451530612246,1
125.27012914540816,25.826242307474637,0.004364636479591837,0.003567442602040816,17,251,234,17828,0.3553093112244898,1
125.42769451530613,23.905610850675288,0.0030691964285714285,0.0024314413265306123,4,250,246,16920,0.3372130102040816,1
126.50605867346938,23.19613565803462,0.001634247448979592,0.002311862244897959,20,250,230,17767,0.35409359056122447,1
123.13845264668367,26.285058877282893,0.005221619897959184,0.0047831632653061226,4,250,246,17765,0.3540537308673469,1
120.53276466836735,22.509010089600825,0.0008569834183673469,0.003168845663265306,16,251,235,14406,0.287109375,1
129.26965082908163,25.837607165575925,0.0021324936224489796,0.0033482142857142855,13,249,236,18403,0.3667689732142857,1
130.11007254464286,28.104379157291547,0.006816007653061225,0.004404496173469388,3,252,249,18040,0.3595344387755102,1
123.4830397002551,23.909017849801153,0.0010762117346938774,0.007274394132653061,14,255,241,15708,0.3130580357142857,1
126.67179528061224,23.484837876937732,0.0013751594387755102,0.0024115114795918366,25,248,223,17571,0.35018734056122447,1
125.0180365114796,23.14552775671922,0.0020527742346938774,0.001913265306122449,16,247,231,16581,0.33045679209183676,1
128.21149553571428,22.90835397725132,0.0013552295918367347,0.0014947385204081632,17,249,232,16018,0.31923628826530615,1
129.63277264030611,19.82043588080413,0.0009367028061224489,0.0015146683673469387,3,238,235,16932,0.3374521683673469,1
131.06206154336735,18.20048646811561,0.0005580357142857143,0.001016422193877551,19,245,226,14886,0.29667570153061223,1
125.76026387117346,20.579471633271023,0.002192283163265306,0.0052614795918367345,8,252,244,13275,0.2645687181122449,1
126.53471779336735,17.336991076836057,0.0001793686224489796,0.0016143176020408164,24,250,226,15154,0.3020169005102041,1
115.34849330357143,18.77502276199111,0.00045838647959183676,0.0020129145408163264,26,250,224,16217,0.32320232780612246,1
113.10224011479592,17.717151889230657,0.0007174744897959184,0.001096141581632653,25,251,226,15109,0.30112005739795916,1
116.49896364795919,19.0673180732125,0.0001793686224489796,0.0015545280612244898,34,248,214,16739,0.33360570790816324,1
116.29858896683673,19.994519806873456,0.0036870216836734694,0.003587372448979592,1,251,250,15178,0.3024952168367347,1
111.87866709183673,18.99771491888359,0.002272002551020408,0.002730389030612245,7,253,246,15281,0.30454799107142855,1
118.3426737882653,20.674864383518376,0.0008769132653061224,0.0014548788265306123,25,248,223,17128,0.3413584183673469,1
119.40814333545919,25.406017658648253,0.0048828125,0.002610809948979592,5,245,240,18412,0.3669483418367347,1
120.25131536989795,26.11638084111032,0.004643654336734694,0.0015943877551020409,6,251,245,18730,0.3732860331632653,1
119.96484375,22.801104919069886,0.003826530612244898,0.001753826530612245,7,251,244,17398,0.3467394770408163,1
124.19098772321429,23.979072327570492,0.0022122130102040817,0.001753826530612245,21,249,228,17523,0.34923070790816324,1
110.48170440051021,37.72487401374154,0.0428093112244898,0.004364636479591837,12,253,241,18795,0.3745814732142857,1
117.4342115752551,24.53924940758705,0.005819515306122449,0.003049266581632653,15,249,234,17993,0.35859773596938777,1
125.33334661989795,30.02432794822787,0.00896843112244898,0.008370535714285714,12,254,242,18300,0.36471619897959184,1
132.72817681760205,32.483444076985805,0.01823580994897959,0.009865274234693877,1,250,249,17754,0.3538345025510204,1
126.97700095663265,29.974950166732317,0.011658960459183673,0.007393973214285714,6,248,242,17243,0.34365035076530615,1
122.89764030612245,35.561695310012304,0.023457429846938774,0.01696029974489796,2,252,250,18418,0.3670679209183674,1
113.35626594387755,27.392041318139874,0.013073979591836735,0.006955516581632653,8,254,246,17848,0.3557079081632653,1
117.58183195153062,29.406905029548973,0.010184151785714286,0.004803093112244898,7,249,242,18901,0.3766940369897959,1
114.81548947704081,29.18615952324675,0.0087890625,0.0067362882653061226,8,251,243,18594,0.37057557397959184,1
126.45589524872449,32.87887977010061,0.015625,0.012496014030612245,4,253,249,19096,0.38058035714285715,1
118.89060507015306,33.5350102058006,0.0174984056122449,0.013791454081632654,1,253,252,18365,0.36601163903061223,1
122.97173947704081,28.502194270899697,0.0078125,0.00741390306122449,6,250,244,18062,0.35997289540816324,1
126.60092474489795,34.67323632235337,0.014150191326530613,0.019511320153061226,3,252,249,19198,0.38261320153061223,1
124.88641980229592,32.43068234089575,0.014130261479591837,0.011021205357142858,3,254,251,18896,0.37659438775510207,1
136.85616629464286,31.593015075574193,0.011240433673469387,0.0244140625,1,254,253,18933,0.37733179209183676,1
132.2169563137755,30.497016981236566,0.010084502551020409,0.017996651785714284,2,254,252,18926,0.3771922831632653,1
130.71089764030611,27.613069196036673,0.009167729591836735,0.011838329081632654,3,253,250,18410,0.36690848214285715,1
136.8210897640306,30.182905609496945,0.005121970663265306,0.027303890306122448,14,254,240,18102,0.3607700892857143,1
130.2323620854592,29.103949173788696,0.008649553571428572,0.015485491071428572,2,254,252,18312,0.36495535714285715,1
128.2294323979592,27.893467608040186,0.0062380420918367345,0.011220503826530613,4,254,250,18252,0.3637595663265306,1
130.45258689413265,28.75940576656377,0.00723453443877551,0.01215720663265306,8,253,245,18269,0.3640983737244898,1
131.09616151147958,35.796956499694296,0.014050542091836735,0.03495695153061224,2,253,251,19171,0.3820750956632653,1
129.9013073979592,37.35811094433143,0.015744579081632654,0.03844467474489796,2,253,251,19347,0.3855827487244898,1
134.5163026147959,31.07029024253496,0.007752710459183673,0.020667251275510203,5,252,247,19060,0.37986288265306123,1
133.88899075255102,27.519429331337726,0.0032286352040816328,0.01092155612244898,15,253,238,19068,0.38002232142857145,1
133.13819355867346,33.30445044017352,0.011220503826530613,0.024394132653061226,4,253,249,19460,0.38783482142857145,1
132.0007174744898,34.34131465658199,0.014229910714285714,0.0223812181122449,7,246,239,19260,0.3838488520408163,1
125.85638552295919,28.510989756088446,0.006696428571428571,0.01265545280612245,7,253,246,18575,0.3701969068877551,1
126.24810666454081,26.66091399676612,0.0032286352040816328,0.008868781887755101,14,253,239,18578,0.37025669642857145,1
132.5714485012755,33.416625140795425,0.012615593112244899,0.021344866071428572,1,254,253,19204,0.3827327806122449,1
138.55614237882654,32.21606799112533,0.012276785714285714,0.025231186224489797,1,253,252,19413,0.386898118622449,1
136.8778300382653,33.729969460504584,0.014847735969387755,0.026965082908163265,3,251,248,19441,0.3874561543367347,1
140.8561862244898,37.73316601609218,0.01837531887755102,0.057537468112244895,1,255,254,18881,0.3762954400510204,1
129.00972576530611,30.90096896681495,0.007613201530612245,0.018514827806122448,2,254,252,18857,0.3758171237244898,1
138.82995854591837,34.7259121541034,0.014369419642857142,0.04029815051020408,1,254,253,19037,0.3794044961734694,1
139.63141741071428,33.39319656817376,0.01628268494897959,0.032346141581632654,1,252,251,18756,0.37380420918367346,1
140.9938416772959,32.98329489135542,0.012755102040816327,0.038364955357142856,1,252,251,18880,0.3762755102040816,1
135.8665098852041,36.19850920662492,0.017637914540816327,0.037189094387755105,1,253,252,18990,0.3784677933673469,1
142.03641183035714,39.04467717781364,0.02272002551020408,0.0628188775510204,1,254,253,19111,0.38087930484693877,1
138.6546556122449,32.7112644670289,0.014090401785714286,0.023278061224489797,2,247,245,19194,0.38253348214285715,1
140.6731106505102,33.89951832947685,0.016741071428571428,0.02907764668367347,2,250,248,19141,0.38147720025510207,1
139.8615274234694,34.19188061086716,0.018534757653061226,0.02724410076530612,1,253,252,19129,0.38123804209183676,1
143.81208147321428,34.064031489458074,0.020448022959183673,0.04454320790816327,0,253,253,18493,0.36856265943877553,1
140.90593112244898,36.78332928156548,0.02774234693877551,0.04310825892857143,0,253,253,18303,0.36477598852040816,1
132.11244419642858,30.51822337072967,0.011858258928571428,0.019551179846938774,1,250,249,18712,0.3729272959183674,1
123.90371890943878,31.245337619686268,0.007553411989795918,0.018355389030612245,2,254,252,18653,0.3717514349489796,1
123.33478156887755,30.339030947809793,0.009885204081632654,0.012037627551020409,3,254,251,18782,0.3743223852040816,1
146.0770886479592,35.03960092856671,0.01873405612244898,0.056341677295918366,2,253,251,18587,0.3704360650510204,1
136.63054049744898,30.170706049121645,0.012535873724489796,0.0224609375,1,252,251,18348,0.3656728316326531,1
136.91354432397958,30.81882093910794,0.012496014030612245,0.02317841198979592,2,250,248,18426,0.36722735969387754,1
130.6797871492347,31.193605409085123,0.008490114795918368,0.01887356505102041,5,252,247,18702,0.3727279974489796,1
134.52917729591837,32.557320210044665,0.011061065051020409,0.03045280612244898,2,253,251,18628,0.3712531887755102,1
123.60861766581633,33.07843462269454,0.011300223214285714,0.01927216198979592,2,254,252,18750,0.37368463010204084,1
120.80369100765306,29.14749078116669,0.004942602040816327,0.010961415816326531,4,252,248,18426,0.36722735969387754,1
130.25705516581633,33.86952054111623,0.01118064413265306,0.024473852040816327,2,248,246,19049,0.3796436543367347,1
121.986328125,27.521694908396437,0.005002391581632653,0.00914779974489796,3,248,245,18003,0.35879703443877553,1
135.26841517857142,39.42796763950963,0.023875956632653062,0.046556122448979595,1,254,253,19057,0.3798030931122449,1
130.4992227359694,47.631727332675325,0.056640625,0.07724808673469388,1,253,252,18996,0.3785873724489796,1
141.6979432397959,38.87402952039306,0.023895886479591837,0.0568000637755102,0,253,253,18702,0.3727279974489796,1
143.7735969387755,37.21855483390343,0.022181919642857144,0.04958545918367347,1,253,252,18781,0.37430245535714285,1
144.45314492984693,39.95612525292463,0.02849968112244898,0.06036750637755102,0,254,254,18613,0.37095424107142855,1
131.93205915178572,29.93725348122389,0.005779655612244898,0.013352997448979591,2,253,251,19283,0.38430723852040816,1
132.37286750637756,24.855657532490117,0.0009566326530612245,0.005141900510204082,27,253,226,19019,0.37904575892857145,1
129.7315449617347,27.958494482293023,0.0016741071428571428,0.0028698979591836736,19,254,235,19338,0.38540338010204084,1
134.42131696428572,28.084811621253923,0.0011160714285714285,0.004444355867346939,33,248,215,18784,0.37436224489795916,1
134.42131696428572,28.084811621253923,0.0011160714285714285,0.004444355867346939,33,248,215,18784,0.37436224489795916,1
172.4088807397959,22.9596349758505,0.0,0.11367984693877552,72,251,179,18910,0.3768734056122449,1
127.68534757653062,18.585211375246956,0.0,0.001096141581632653,62,236,174,18297,0.36465640943877553,1
128.38791454081633,17.63536139713311,0.0,0.0009367028061224489,50,232,182,17803,0.3548110650510204,1
129.3410794005102,21.27526389067966,0.0,0.0010363520408163266,57,236,179,18523,0.36916055484693877,1
149.205078125,31.890101135373985,0.0,0.06371572066326531,58,249,191,18943,0.37753109056122447,1
151.36969866071428,33.79495603089103,0.0,0.07908163265306123,55,250,195,19058,0.3798230229591837,1
154.91410235969389,30.62129616983742,0.0,0.07407924107142858,66,252,186,18570,0.37009725765306123,1
153.12852758290816,35.36972689502343,0.0,0.09564333545918367,52,252,200,19268,0.38400829081632654,1
149.28653140943877,32.55205968847231,0.0,0.06387515943877552,55,250,195,18958,0.37783003826530615,1
137.14624521683675,43.713313894453506,0.01642219387755102,0.07788584183673469,28,253,225,19059,0.37984295280612246,1
137.80347177933675,41.777487704010376,0.01207748724489796,0.06760204081632654,30,253,223,18827,0.37521922831632654,1
130.52497209821428,45.647152398822776,0.03400031887755102,0.06515066964285714,26,254,228,19413,0.386898118622449,1
133.52487244897958,15.123812041694588,0.0,0.0004982461734693878,64,247,183,13863,0.2762874681122449,1
183.2017897002551,15.244721845618875,0.0,0.12023676658163265,115,251,136,13713,0.27329799107142855,1
172.2186503507653,27.207579740001663,0.0,0.15013153698979592,57,255,198,18766,0.37400350765306123,1
168.50924744897958,27.783956098110437,0.0,0.12091438137755102,51,254,203,19164,0.38193558673469385,1
123.79167330994898,54.23539383886028,0.11999760841836735,0.08135363520408163,20,253,233,19240,0.38345025510204084,1
128.60632573341837,53.29951392493492,0.09815449617346939,0.08791055484693877,23,251,228,19020,0.3790656887755102,1
131.20984135841837,51.639480565280685,0.08928571428571429,0.07627152423469388,18,254,236,18663,0.3719507334183674,1
149.0812141262755,43.56835699169461,0.0023915816326530613,0.12159199617346939,35,252,217,19001,0.37868702168367346,1
146.5114596619898,40.52824413219628,0.0012157206632653062,0.09062101403061225,41,253,212,19130,0.38125797193877553,1
150.70639349489795,40.36013801231635,0.0010363520408163266,0.1102718431122449,40,254,214,19225,0.38315130739795916,1
147.80472735969389,40.14831666419399,0.0006576849489795918,0.09514508928571429,39,254,215,19109,0.38083944515306123,1
144.22546635841837,42.49708646110579,0.0052016900510204085,0.10010762117346939,25,255,230,19283,0.38430723852040816,1
141.0036471619898,41.64249779994426,0.005341198979591837,0.08490114795918367,33,254,221,19094,0.3805404974489796,1
139.95671237244898,46.095770662054775,0.02365672831632653,0.09687898596938775,18,253,235,18913,0.37693319515306123,1
146.00480309311226,43.14449330267812,0.006497130102040816,0.11021205357142858,32,253,221,19105,0.38075972576530615,1
145.54938616071428,44.722033275619296,0.009506536989795918,0.11435746173469388,34,252,218,18961,0.37788982780612246,1
128.38875159438774,48.782078545802875,0.07118941326530612,0.06423389668367346,16,250,234,19276,0.38416772959183676,1
143.48634805484693,46.50578586359131,0.022042410714285716,0.11344068877551021,23,253,230,19428,0.3871970663265306,1
134.2722616390306,46.89960953352497,0.03431919642857143,0.08053651147959184,18,252,234,19267,0.38398836096938777,1
153.97072305484693,41.445528874453835,0.00027901785714285713,0.13388871173469388,47,254,207,19363,0.3859016262755102,1
150.13853236607142,42.366889495508424,0.0004185267857142857,0.11832350127551021,42,253,211,18926,0.3771922831632653,1
154.6875597895408,42.3740934173847,0.00023915816326530612,0.14899553571428573,41,253,212,19186,0.3823740433673469,1
146.19969706632654,43.499579188500185,0.0014748086734693877,0.10981345663265306,33,252,219,18853,0.3757374043367347,1
124.97700095663265,43.640935361424425,0.0007971938775510204,0.07463727678571429,40,255,215,18118,0.3610889668367347,1
154.58254942602042,38.71095745452888,1.992984693877551e-05,0.11744658801020408,31,252,221,19015,0.3789660395408163,1
152.1192004145408,39.60198133513096,0.00031887755102040814,0.11154735331632654,37,252,215,19071,0.38008211096938777,1
154.86575255102042,40.53736075488798,0.00027901785714285713,0.1367785395408163,43,253,210,18594,0.37057557397959184,1
131.5880500637755,21.033115798579946,0.0001992984693877551,0.0003985969387755102,36,219,183,18669,0.3720703125,1
170.8493502869898,25.890333250922378,1.992984693877551e-05,0.13010204081632654,47,250,203,19370,0.3860411352040816,1
172.77319834183675,23.266708065041662,0.0,0.11886160714285714,62,241,179,18482,0.368343431122449,1
173.52289939413265,26.224592025296765,0.0,0.15589126275510204,53,247,194,19483,0.38829320790816324,1
171.0515585140306,25.331891200165632,0.0,0.12169164540816327,57,242,185,19034,0.3793447066326531,1
173.06118463010205,23.68300085966938,0.0,0.12067522321428571,60,243,183,18736,0.37340561224489793,1
164.5759127869898,37.963513708436,0.0001992984693877551,0.17165577168367346,38,248,210,18810,0.3748804209183674,1
169.14303651147958,18.89669782462021,0.0,0.040158641581632654,66,239,173,18665,0.3719905931122449,1
170.48684630102042,25.58755014432539,0.0,0.12041613520408163,62,242,180,19334,0.3853236607142857,1
171.51225685586735,25.589885590597945,0.0,0.13127790178571427,61,246,185,19412,0.3868781887755102,1
170.85291772959184,26.121375580430193,0.0,0.13153698979591838,58,246,188,19543,0.3894889987244898,1
170.0791613520408,27.885207064340754,0.0,0.14580676020408162,60,247,187,19563,0.3898875956632653,1
135.099609375,18.065534131166753,0.0,0.0024115114795918366,51,250,199,18187,0.3624641262755102,1
177.66280691964286,23.145925287776347,0.0,0.1519451530612245,66,253,187,19125,0.3811583227040816,1
176.9564134247449,23.93377628467552,0.0,0.15638950892857142,71,252,181,19105,0.38075972576530615,1
180.68054448341837,20.369483673017427,0.0,0.15846221301020408,77,253,176,18569,0.37007732780612246,1
189.8194953762755,18.45765618758873,0.0,0.2793566645408163,86,254,168,18137,0.36146763392857145,1
181.40212452168367,22.72065631368112,0.0,0.19397720025510204,69,255,186,18701,0.37270806760204084,1
187.78406010841837,20.306950424825878,0.0,0.26540577168367346,89,254,165,17078,0.34036192602040816,1
182.11854272959184,22.293647402831397,0.0,0.20465959821428573,84,253,169,18621,0.37111367984693877,1
181.01554528061226,23.812112437038188,0.0,0.21267139668367346,86,253,167,19078,0.38022161989795916,1
181.99487802933675,24.59369031012352,0.0,0.23341836734693877,79,254,175,19263,0.3839086415816326,1
183.6979432397959,24.114016062078637,0.0,0.25522161989795916,75,253,178,19214,0.3829320790816326,1
175.8571627869898,23.100733305652785,0.0,0.14040577168367346,77,254,177,19196,0.3825733418367347,1
172.30713887117346,24.766853576707916,0.0,0.12464126275510204,67,253,186,19352,0.3856823979591837,1
183.39933434311226,22.234369302675717,0.0,0.22815688775510204,85,253,168,18806,0.37480070153061223,1
172.09333147321428,24.02939676013009,0.0,0.11690848214285714,70,254,184,18963,0.3779296875,1
177.6057278380102,22.90619523557302,0.0,0.16127232142857142,66,251,185,18904,0.37675382653061223,1
185.4309630102041,18.6347718124259,0.0,0.20876514668367346,86,254,168,18568,0.3700573979591837,1
181.62579719387756,23.03815565694584,0.0,0.21163504464285715,81,254,173,19231,0.38327088647959184,1
132.83940529336735,18.805981441429896,0.0,0.0030293367346938774,55,253,198,16486,0.3285634566326531,1
175.6767578125,20.118916805730976,0.0,0.10939492984693877,69,253,184,17393,0.34663982780612246,1
170.5853196747449,20.630666905887285,0.0,0.08310746173469388,75,254,179,17527,0.3493104272959184,1
174.83292809311226,24.349713154286665,0.0,0.1407844387755102,57,255,198,17992,0.358577806122449,1
169.13159677933675,26.31882531075282,1.992984693877551e-05,0.12300701530612244,46,254,208,18170,0.362125318877551,1
169.0015943877551,23.614271245377754,0.00013950892857142856,0.09088010204081633,40,253,213,18700,0.37268813775510207,1
170.7351522640306,24.65888835372132,9.964923469387755e-05,0.107421875,45,253,208,18756,0.37380420918367346,1
167.39672353316325,28.5581242815254,0.00023915816326530612,0.12498007015306123,41,254,213,19048,0.3796237244897959,1
171.63956871811226,28.97832492630758,0.0006975446428571429,0.15862165178571427,37,254,217,19038,0.37942442602040816,1
167.71428571428572,28.880287223550877,0.0003786670918367347,0.12639508928571427,40,254,214,19000,0.3786670918367347,1
162.18845663265307,34.10089402428875,0.0036471619897959183,0.12677375637755103,30,254,224,18999,0.3786471619897959,1
156.6422193877551,37.41658641756615,0.008450255102040817,0.11367984693877552,23,254,231,19285,0.3843470982142857,1
172.07778619260205,33.34867427742918,0.0020527742346938774,0.1857860331632653,32,254,222,19113,0.3809191645408163,1
124.00047831632654,28.617099375801157,0.0011160714285714285,0.01887356505102041,28,253,225,16983,0.33846859056122447,1
181.74894371811226,29.064629353368364,0.0,0.24182876275510204,72,255,183,17966,0.35805963010204084,1
165.51124043367346,28.698977178000003,0.0,0.12316645408163265,59,255,196,17764,0.35403380102040816,1
174.18429129464286,27.676666430122687,0.0,0.16844706632653061,58,254,196,17571,0.35018734056122447,1
159.1193000637755,31.406565661748207,0.0,0.12071508290816327,50,255,205,17730,0.3533561862244898,1
162.93351403061226,31.636817121837154,0.0018734056122448979,0.12890625,25,254,229,18532,0.36933992346938777,1
160.96970663265307,31.329016796076342,0.0021125637755102043,0.11748644770408163,23,253,230,18210,0.36292251275510207,1
166.11519451530611,32.48810926502958,0.0007971938775510204,0.15252311862244897,32,254,222,18157,0.3618662308673469,1
171.96976642219389,31.965953896907116,0.0006377551020408163,0.1865234375,35,254,219,18374,0.36619100765306123,1
173.1198182397959,31.182869110897595,0.00033880739795918367,0.19182477678571427,35,255,220,18507,0.3688416772959184,1
165.7938456632653,30.17621686831922,0.00015943877551020407,0.13358976403061223,36,254,218,18485,0.3684032206632653,1
162.39865672831633,32.25433566134249,0.0005978954081632653,0.12864716198979592,33,253,220,18416,0.3670280612244898,1
172.43263711734693,24.462308604878363,0.00015943877551020407,0.11324139030612244,44,253,209,17682,0.35239955357142855,1
155.04858896683675,30.833082247153797,0.002272002551020408,0.08272879464285714,32,255,223,18029,0.3593152104591837,1
171.67245296556123,30.87265150161183,0.0012356505102040817,0.16163105867346939,31,254,223,18267,0.36405851403061223,1
163.8894491390306,31.350626183298875,0.0006377551020408163,0.11688855229591837,38,253,215,18534,0.3693797831632653,1
171.06379544005102,30.36140752305234,0.0004185267857142857,0.15351961096938777,41,254,213,18307,0.36485570790816324,1
157.36170679209184,15.47579808989697,0.0,0.003946109693877551,82,240,158,15719,0.31327726403061223,0
157.85164221938774,16.718477387082867,0.0,0.01700015943877551,85,246,161,15048,0.29990433673469385,0
159.90573182397958,14.944969814571014,0.0,0.0045639349489795915,87,254,167,15320,0.30532525510204084,0
160.1455078125,14.682447735765697,0.0,0.005161830357142857,101,250,149,14781,0.29458306760204084,0
166.23373724489795,19.593798685773333,0.0,0.059490593112244895,108,254,146,14704,0.2930484693877551,0
167.3917012117347,18.984522630223292,0.0,0.05157844387755102,101,253,152,14721,0.2933872767857143,0
159.59438775510205,16.2619357286583,0.0,0.01584422831632653,89,249,160,13086,0.2608019770408163,0
159.32417889030611,17.25349280332614,0.0,0.0243343431122449,63,252,189,12459,0.24830596301020408,0
153.8498684630102,14.86079248502854,0.0,0.0017737563775510204,91,251,160,14982,0.2985889668367347,0
152.97339365433675,15.19083504086757,0.0,0.001953125,94,239,145,15532,0.30955038265306123,0
153.35010762117346,15.006233199100638,0.0,0.001992984693877551,90,244,154,15411,0.3071388711734694,0
154.05496651785714,14.72467641040367,0.0,0.002232142857142857,93,252,159,14877,0.29649633290816324,0
155.4451530612245,16.3029681894984,0.0,0.01175860969387755,91,249,158,15348,0.30588329081632654,0
155.3347018494898,15.833201526864851,0.0,0.00546077806122449,88,246,158,15992,0.31871811224489793,0
152.78039301658163,15.612991016890298,0.0,0.002650669642857143,81,238,157,16156,0.32198660714285715,0
150.18016581632654,15.327952753809464,0.0,0.0014349489795918368,56,230,174,15675,0.31240035076530615,0
147.92707669005102,15.560808303375069,0.0,0.0013950892857142857,78,233,155,15172,0.30237563775510207,0
148.54597815688774,15.57341352154918,0.0,0.0014150191326530613,71,239,168,15211,0.3031529017857143,0
151.09038185586735,15.668487390169329,0.0,0.0022520727040816328,75,229,154,14971,0.29836973852040816,0
150.22395169005102,15.254629853283113,0.0,0.0012755102040816326,65,234,169,15086,0.3006616709183674,0
151.82425860969389,15.295589053442646,0.0,0.0014548788265306123,79,234,155,14800,0.29496173469387754,0
154.01024394132654,15.026148243347457,0.0,0.002272002551020408,83,240,157,14510,0.2891820790816326,0
155.55656090561226,15.526492722009353,0.0,0.004245057397959184,84,249,165,14391,0.2868104272959184,0
156.7062539859694,15.439690338123665,0.0,0.004424426020408163,90,243,153,14537,0.2897201849489796,0
155.8161471619898,14.884636197165378,0.0,0.0031489158163265306,79,249,170,14554,0.29005899234693877,0
156.44294084821428,15.170256808584407,0.0,0.0036870216836734694,78,253,175,14555,0.29007892219387754,0
157.1925821109694,16.12483566540763,0.0,0.008529974489795918,92,235,143,14671,0.29239078443877553,0
158.7479472257653,16.484872525234625,0.0,0.010144292091836735,79,241,162,15106,0.30106026785714285,0
167.2258450255102,23.55658891142347,0.0,0.06588807397959184,85,255,170,14637,0.29171316964285715,0
158.8765943877551,14.65715756434688,0.0,0.003706951530612245,81,246,165,14614,0.2912547831632653,0
162.96833147321428,17.829508013433653,0.0,0.033502072704081634,91,252,161,13992,0.2788584183673469,0
160.2737364477041,15.45221507910179,0.0,0.0074936224489795915,87,253,166,13754,0.2741151147959184,0
166.45735012755102,23.091820140288668,0.0,0.07387994260204081,77,255,178,14179,0.28258529974489793,0
166.18132174744898,23.531031203561472,0.0,0.08755181760204081,73,255,182,14787,0.29470264668367346,0
161.1709582270408,19.79672865823468,0.0,0.04340720663265306,83,254,171,15310,0.3051259566326531,0
159.25707509566325,17.709277866908735,0.0,0.021863042091836735,88,252,164,14907,0.29709422831632654,0
157.44786352040816,16.18180697981173,0.0,0.007952008928571428,81,250,169,15725,0.3133968431122449,0
157.21488360969389,16.600697869093263,0.0,0.008769132653061224,98,234,136,15175,0.3024354272959184,0
157.9893574617347,17.997439007912266,0.0,0.018136160714285716,87,255,168,15963,0.31814014668367346,0
163.01422991071428,25.979031416485153,0.0,0.07922114158163265,89,255,166,15612,0.31114477040816324,0
155.96091757015307,15.901406182401224,0.0,0.00332828443877551,90,235,145,15612,0.31114477040816324,0
157.43048469387756,16.031358486756144,0.0,0.005121970663265306,91,234,143,15589,0.31068638392857145,0
156.80891262755102,16.21966473760399,0.0,0.008988360969387755,89,254,165,16049,0.31985411352040816,0
166.4756855867347,26.489053747527667,0.0,0.0888671875,95,255,160,14900,0.2969547193877551,0
157.7654257015306,15.751192620477193,0.0,0.0038863201530612247,90,245,155,15735,0.3135961415816326,0
158.47171954719389,17.339164951739807,0.0,0.011240433673469387,86,238,152,16180,0.32246492346938777,0
158.20075334821428,14.952366979541562,0.0,0.0034080038265306123,89,224,135,15770,0.3142936862244898,0
159.22403140943877,16.603135715030383,0.0,0.010224011479591837,94,236,142,15852,0.3159279336734694,0
160.42380819515307,17.03562111498022,0.0,0.02018893494897959,91,247,156,15680,0.3125,0
159.9863879145408,16.00533389681794,0.0,0.011798469387755101,93,250,157,15472,0.3083545918367347,0
159.20093271683675,16.142589355314872,0.0,0.012097417091836735,95,246,151,15446,0.30783641581632654,0
153.0802774234694,29.575598260843545,0.0003985969387755102,0.03593351403061224,36,253,217,19179,0.38223453443877553,0
161.9851522640306,30.344127310398722,0.0004384566326530612,0.08274872448979592,36,254,218,18983,0.37832828443877553,0
150.74499760841837,32.45493350713388,0.0015943877551020409,0.048349808673469385,25,254,229,19171,0.3820750956632653,0
163.19094786352042,30.761548564201927,0.0002192283163265306,0.09355070153061225,27,253,226,18680,0.37228954081632654,0
158.7753308354592,30.02188771079045,0.00025908801020408165,0.060048628826530615,37,253,216,18757,0.37382413903061223,0
161.69774394132654,27.6227966214187,7.971938775510203e-05,0.05821508290816327,41,253,212,18619,0.37107382015306123,0
155.34927056760205,25.946958578313946,3.985969387755102e-05,0.03567442602040816,45,252,207,18420,0.3671077806122449,0
157.2821269132653,24.970942221414465,0.00013950892857142856,0.036053093112244895,22,253,231,18094,0.3606106505102041,0
165.91792889030611,22.714548073424055,0.0,0.04723373724489796,64,254,190,18374,0.36619100765306123,0
164.90304129464286,27.832094141183305,0.00031887755102040814,0.08091517857142858,28,253,225,18706,0.3728077168367347,0
165.4022441007653,22.064096365810613,0.0,0.04563934948979592,57,252,195,18115,0.3610291772959184,0
165.57479671556123,21.4651730228368,1.992984693877551e-05,0.03166852678571429,48,253,205,18127,0.3612683354591837,0
164.91940369897958,24.524681895865736,3.985969387755102e-05,0.04667570153061224,44,252,208,18834,0.37535873724489793,0
162.9558952487245,29.747204798488394,0.0,0.08121412627551021,51,252,201,18940,0.37747130102040816,0
155.9582669005102,25.209106599447043,0.00029894770408163266,0.03128985969387755,31,251,220,18717,0.37302694515306123,0
168.3210897640306,25.231078073629103,1.992984693877551e-05,0.10212053571428571,42,253,211,18552,0.36973852040816324,0
168.1728515625,26.924832129246536,1.992984693877551e-05,0.12338568239795919,40,252,212,18609,0.37087452168367346,0
171.6904894770408,26.54452171509437,3.985969387755102e-05,0.14313616071428573,48,253,205,18519,0.3690808354591837,0
152.01807637117346,32.32166738662616,0.00027901785714285713,0.058673469387755105,37,253,216,19180,0.3822544642857143,0
155.66587611607142,24.847156908087843,7.971938775510203e-05,0.03144929846938776,39,254,215,18554,0.36977838010204084,0
154.21657764668367,27.21804137629079,0.0001992984693877551,0.03569435586734694,30,251,221,18909,0.37685347576530615,0
151.95926339285714,28.738038471635566,0.0006377551020408163,0.03099091198979592,31,249,218,17858,0.3559072066326531,0
160.78302375637756,25.974640999262547,7.971938775510203e-05,0.05897241709183673,35,251,216,18165,0.36202566964285715,0
172.69025031887756,19.66212826516135,0.0,0.06656568877551021,69,253,184,17659,0.35194116709183676,0
166.23409598214286,19.75148752218429,0.0,0.03732860331632653,77,250,173,17350,0.3457828443877551,0
164.2922911352041,19.8503605905133,0.0,0.03511639030612245,76,248,172,17208,0.342952806122449,0
146.82085060586735,29.201231934121328,0.001634247448979592,0.024075255102040817,26,251,225,18114,0.3610092474489796,0
150.63978794642858,25.32823408985801,3.985969387755102e-05,0.02903778698979592,44,252,208,18655,0.37179129464285715,0
146.1155333227041,29.03582865649708,1.992984693877551e-05,0.020049426020408163,46,250,204,18673,0.3721500318877551,0
154.1480787627551,30.113668379226077,0.0,0.05311304209183673,50,252,202,18819,0.3750597895408163,0
149.6494140625,33.415352383713135,0.00013950892857142856,0.05488679846938776,28,253,225,19421,0.38705755739795916,0
131.44616948341837,36.82137190282427,0.00603874362244898,0.02463329081632653,20,252,232,19571,0.39004703443877553,0
149.6161511479592,31.801430414138885,0.0,0.04544005102040816,50,250,200,19040,0.3794642857142857,0
145.20418128188774,32.30218052399701,0.00031887755102040814,0.03469786352040816,42,251,209,19064,0.3799426020408163,0
144.1271125637755,33.13193133466577,0.0004384566326530612,0.038205516581632654,32,249,217,19133,0.38131776147959184,0
139.6471619897959,35.25667186887721,0.0003587372448979592,0.03364158163265306,42,250,208,19183,0.3823142538265306,0
135.82726801658163,35.479162403328395,0.0014947385204081632,0.026227678571428572,35,254,219,19061,0.3798828125,0
138.97889429209184,34.38684184047881,0.002272002551020408,0.028778698979591837,34,253,219,19026,0.37918526785714285,0
141.41834741709184,34.3359238327002,0.0009167729591836735,0.035813934948979595,39,252,213,18893,0.3765345982142857,0
147.10750159438774,34.35649088205361,0.00045838647959183676,0.05100047831632653,39,252,213,18764,0.3739636479591837,0
133.94435586734693,37.04607514575587,0.004603794642857143,0.033681441326530615,25,253,228,18916,0.37699298469387754,0
133.55223612882654,36.88070019531963,0.004922672193877551,0.03075175382653061,26,253,227,18982,0.37830835459183676,0
134.22614397321428,36.195198764351034,0.005321269132653061,0.027881855867346938,26,253,227,18853,0.3757374043367347,0
140.55502630739795,35.98900260082839,0.0014548788265306123,0.04607780612244898,33,253,220,18598,0.3706552933673469,0
132.74047353316325,35.62122374318422,0.00390625,0.02897799744897959,25,252,227,18414,0.36698820153061223,0
128.6681680484694,34.97129066874837,0.005939094387755102,0.01877391581632653,27,252,225,18650,0.37169164540816324,0
139.90471540178572,39.10831992386706,0.0040058992346938774,0.056321747448979595,24,253,229,19220,0.3830516581632653,0
148.16404257015307,38.689167185115004,0.0010562818877551021,0.09088010204081633,33,252,219,18991,0.3784877232142857,0
146.46199378188774,31.093859771285462,9.964923469387755e-05,0.04223134566326531,46,254,208,18102,0.3607700892857143,0
146.96928810586735,31.33293003603524,3.985969387755102e-05,0.04037786989795918,39,250,211,18230,0.36332110969387754,0
145.15304129464286,32.00135638290278,7.971938775510203e-05,0.03904257015306122,42,252,210,18306,0.36483577806122447,0
149.0359335140306,30.965291131529437,0.0,0.04436383928571429,51,252,201,18036,0.3594547193877551,0
146.83250956632654,33.08074766325166,0.00015943877551020407,0.047931281887755105,42,252,210,18303,0.36477598852040816,0
147.01550542091837,33.083383783118464,0.0001793686224489796,0.0470344387755102,40,251,211,18352,0.36575255102040816,0
148.13741629464286,31.938502643440863,5.978954081632653e-05,0.04583864795918367,47,252,205,18087,0.3604711415816326,0
150.25163424744898,32.074217033588766,9.964923469387755e-05,0.05432876275510204,42,253,211,17948,0.35770089285714285,0
146.83003826530611,32.10579353888159,0.0002192283163265306,0.042271205357142856,42,251,209,18166,0.3620455994897959,0
146.98120615433675,32.27334725232527,0.00027901785714285713,0.043865593112244895,43,252,209,18068,0.3600924744897959,0
148.20169005102042,31.127496780454365,9.964923469387755e-05,0.04380580357142857,44,252,208,18205,0.36282286352040816,0
150.38131776147958,30.990165711722735,3.985969387755102e-05,0.05084103954081633,46,253,207,18097,0.3606704400510204,0
148.60684390943877,31.763120609778927,0.00025908801020408165,0.04530054209183673,44,249,205,18222,0.3631616709183674,0
147.66764987244898,32.049042696786934,0.0001793686224489796,0.04276945153061224,43,251,208,18083,0.36039142219387754,0
150.0127949617347,31.69830722099698,0.00013950892857142856,0.049705038265306124,46,251,205,18265,0.3640186543367347,0
130.94138632015307,37.24493255651487,0.006118463010204082,0.024713010204081634,24,252,228,19391,0.3864596619897959,0
155.7845384247449,28.235303698356336,0.0,0.05096061862244898,58,253,195,17507,0.34891183035714285,0
151.79041772959184,28.892344639706614,0.0,0.040318080357142856,53,251,198,17868,0.35610650510204084,0
150.5595105229592,28.708875000220218,0.0,0.035833864795918366,51,251,200,17961,0.3579599808673469,0
149.98433514030611,28.479177831919035,1.992984693877551e-05,0.033900669642857144,48,249,201,17859,0.35592713647959184,0
151.0409558354592,28.82786111189371,3.985969387755102e-05,0.038982780612244895,45,253,208,18169,0.36210538903061223,0
149.5693359375,28.91365451919425,3.985969387755102e-05,0.03404017857142857,45,252,207,18231,0.3633410395408163,0
150.51883370535714,28.790949445488334,0.0,0.03579400510204082,50,250,200,18106,0.3608498086734694,0
151.84388950892858,28.538994630074914,1.992984693877551e-05,0.04125478316326531,49,251,202,18044,0.3596141581632653,0
152.05078125,28.11913509193019,1.992984693877551e-05,0.03772720025510204,48,250,202,17895,0.35664461096938777,0
151.96285076530611,28.24360223695918,1.992984693877551e-05,0.0390625,49,254,205,17855,0.35584741709183676,0
162.60507015306123,27.26709191428223,0.0,0.07075095663265306,61,254,193,17256,0.3439094387755102,0
148.11736686862244,26.77180882603741,0.00033880739795918367,0.04099569515306122,39,253,214,18498,0.3686623086734694,0
156.14606584821428,23.518412410819387,0.0,0.05309311224489796,69,253,184,18317,0.365055006377551,0
159.53360172193877,22.767309756855088,0.0,0.05899234693877551,74,253,179,17504,0.34885204081632654,0
157.3688416772959,22.15670957787652,0.0,0.04631696428571429,71,254,183,17259,0.34396922831632654,0
156.17914939413265,23.82811093847701,3.985969387755102e-05,0.05135921556122449,42,253,211,17817,0.35509008290816324,0
158.27176339285714,25.785940835770443,0.0,0.06816007653061225,53,255,202,17818,0.35511001275510207,0
162.19676737882654,23.45706509721336,1.992984693877551e-05,0.07001355229591837,47,254,207,17743,0.35361527423469385,0
149.75209263392858,26.030243307561644,3.985969387755102e-05,0.04896763392857143,48,253,205,17970,0.3581393494897959,0
151.0540696747449,26.031320937323883,0.0,0.05291374362244898,54,253,199,17700,0.35275829081632654,0
150.45396205357142,26.74698526469545,1.992984693877551e-05,0.05813536352040816,47,253,206,17942,0.3575813137755102,0
155.38986766581633,24.381432877233213,0.0,0.055185746173469385,55,253,198,18073,0.3601921237244898,0
169.16657366071428,19.42633186182771,0.0,0.07065130739795919,94,254,160,17601,0.35078523596938777,0
169.54829001913265,18.879200371261383,0.0,0.06600765306122448,91,253,162,17012,0.339046556122449,0
169.0222616390306,19.9169873875085,0.0,0.07800542091836735,100,253,153,17353,0.34584263392857145,0
166.1926419005102,19.71889802906899,0.0,0.06443319515306123,96,252,156,17179,0.34237484056122447,0
173.58444276147958,19.440365696139196,0.0,0.09751674107142858,104,253,149,17004,0.33888711734693877,0
174.7238321109694,17.436194805659145,0.0,0.08290816326530612,103,252,149,15803,0.3149513711734694,0
170.62049585459184,17.25590601192512,0.0,0.061443718112244895,109,253,144,15640,0.311702806122449,0
173.00141501913265,18.447273924593745,0.0,0.08135363520408163,108,254,146,15323,0.30538504464285715,0
170.04494180484693,19.338654838298353,0.0,0.07575334821428571,106,251,145,16338,0.3256138392857143,0
133.64564732142858,30.004186174694354,0.00029894770408163266,0.03049266581632653,37,253,216,18922,0.3771125637755102,0
131.78276466836735,28.826493367106824,3.985969387755102e-05,0.030731823979591837,33,254,221,18362,0.3659518494897959,0
143.0662069515306,27.024382407549428,0.0,0.03886320153061224,52,254,202,18379,0.3662906568877551,0
151.59103954081633,25.834543375969805,0.0,0.04966517857142857,71,254,183,18018,0.35909598214285715,0
158.48166454081633,28.319835039563337,0.0,0.08294802295918367,62,254,192,18779,0.3742625956632653,0
168.87631536989795,27.217332921499224,0.0,0.13612085459183673,71,255,184,18356,0.36583227040816324,0
168.16659359056123,20.94450197236083,0.0,0.07401945153061225,98,254,156,17799,0.3547313456632653,0
170.96725526147958,19.78060024503258,0.0,0.07768654336734694,96,254,158,17525,0.34927056760204084,0
169.63518415178572,22.365808134810763,0.0,0.09432796556122448,60,254,194,18007,0.3588767538265306,0
167.09640066964286,19.990802607557075,0.0,0.04498166454081633,69,252,183,17374,0.3462611607142857,0
165.28459821428572,19.31801710288993,0.0,0.04027822066326531,78,251,173,17090,0.34060108418367346,0
129.65949856505102,18.336195627581823,3.985969387755102e-05,0.004683514030612245,44,251,207,16400,0.3268494897959184,0
171.9337930484694,19.580138334893054,0.0,0.07274394132653061,85,253,168,17098,0.3407605229591837,0
151.7101602359694,32.309693465876315,0.0,0.08812978316326531,61,254,193,18921,0.37709263392857145,0
156.76311383928572,28.260583190068466,0.0,0.07513552295918367,59,254,195,18008,0.3588966836734694,0
155.96205357142858,27.218705609719184,0.0001793686224489796,0.05779655612244898,42,254,212,17236,0.3435108418367347,0
159.63277264030611,17.410502212919884,0.0,0.019571109693877552,84,253,169,16711,0.33304767219387754,0
160.93680245535714,17.552345524121762,0.0,0.024553571428571428,87,249,162,16587,0.3305763711734694,0
167.53166852678572,18.163953390725037,0.0,0.04067681760204082,79,251,172,16737,0.3335658482142857,0
172.99051339285714,17.735020741623494,0.0,0.05668048469387755,85,249,164,15733,0.3135562818877551,0
172.29294882015307,17.908539286119776,0.0,0.05755739795918367,96,249,153,16039,0.3196548150510204,0
167.91499920280611,18.13953195128447,0.0,0.04179288903061224,82,250,168,15687,0.31263950892857145,0
170.1025390625,19.785774438913162,0.0,0.058673469387755105,76,251,175,15788,0.31465242346938777,0
177.41764987244898,14.78739081117459,0.0,0.06214126275510204,79,250,171,14395,0.28689014668367346,0
180.94019052933675,14.304918392149098,0.0,0.08021763392857142,100,250,150,14688,0.2927295918367347,0
170.02648676658163,15.134290581879194,0.0,0.035475127551020405,106,249,143,15158,0.30209661989795916,0
169.14030612244898,17.380839894608183,0.0,0.03513632015306122,87,247,160,14831,0.2955795599489796,0
162.93512834821428,17.742074484310024,0.0,0.02166374362244898,82,247,165,15857,0.31602758290816324,0
161.8260722257653,17.832625542178697,0.0,0.019551179846938774,84,251,167,15934,0.317562181122449,0
166.20376275510205,16.67621169640169,0.0,0.02756297831632653,96,244,148,13400,0.26705994897959184,0
167.56325733418367,17.411777223289054,0.0,0.0362922512755102,93,248,155,16113,0.3211296237244898,0
164.6819993622449,17.29095256063359,0.0,0.024174904336734693,78,251,173,16508,0.32900191326530615,0
165.53898278061226,16.76755390486369,0.0,0.02784199617346939,93,248,155,15989,0.3186583227040816,0
173.05516581632654,16.474809556068607,0.0,0.05092075892857143,107,252,145,16051,0.3198939732142857,0
172.0714485012755,16.61141269581537,0.0,0.041294642857142856,101,252,151,16142,0.3217075892857143,0
171.0340800382653,17.139297972191372,0.0,0.04370615433673469,81,250,169,16002,0.3189174107142857,0
170.20033482142858,18.24081370568615,0.0,0.042291135204081634,78,249,171,16290,0.3246572066326531,0
166.48425542091837,17.137858251917635,0.0,0.023397640306122448,94,247,153,15864,0.3161670918367347,0
163.9986647002551,17.56401426862476,0.0,0.018494897959183673,91,245,154,16055,0.31997369260204084,0
165.70418128188774,17.894194909829373,0.0,0.026486766581632654,94,249,155,16291,0.32467713647959184,0
174.02028858418367,17.610101073018384,0.0,0.06529017857142858,101,250,149,16144,0.32174744897959184,0
172.5416334502551,17.257307811643734,0.0,0.05032286352040816,95,248,153,16191,0.3226841517857143,0
173.71362802933675,16.69167720373705,0.0,0.057936065051020405,109,252,143,16163,0.32212611607142855,0
160.8270487882653,17.04699827123479,0.0,0.014887595663265306,89,250,161,16881,0.3364357461734694,0
160.70392219387756,16.92178502983616,0.0,0.015625,83,249,166,17131,0.34141820790816324,0
161.19774394132654,16.86803639425628,0.0,0.014807876275510204,89,250,161,17162,0.3420360331632653,0
174.2638711734694,15.406602731234994,0.0,0.047552614795918366,105,253,148,16520,0.32924107142857145,0
177.18891501913265,15.782781342739941,0.0,0.0712093431122449,103,253,150,16159,0.32204639668367346,0
170.17334980867346,16.30849228184807,0.0,0.03655133928571429,93,252,159,16360,0.3260522959183674,0
170.24374202806123,16.482073350411603,0.0,0.039162149234693876,96,250,154,16488,0.3286033163265306,0
170.95402184311226,16.16364720845027,0.0,0.04103555484693878,98,252,154,16288,0.32461734693877553,0
170.85198102678572,16.70027509113362,0.0,0.043048469387755105,93,253,160,16735,0.33352598852040816,0
167.1455676020408,16.06585888994751,0.0,0.026088169642857144,94,250,156,15991,0.31869818239795916,0
165.18895487882654,16.26726266089389,0.0,0.02196269132653061,84,250,166,15938,0.3176419005102041,0
